COMUNA_NOMBRE,COMUNA_ID,PROVINCIA_NOMBRE,PROVINCIA_ID,REGION_NOMBRE,REGION_ID,CIRCUNSCRIPCION_NOMBRE,CIRCUNSCRIPCION_ID,DISTRITO_ID
Iquique,1101,Iquique,11,Tarapacá,1,Tarapacá,1,2
Alto Hospicio,1107,Iquique,11,Tarapacá,1,Tarapacá,1,2
Pozo Almonte,1401,Tamarugal,14,Tarapacá,1,Tarapacá,1,2
Camiña,1402,Tamarugal,14,Tarapacá,1,Tarapacá,1,2
Colchane,1403,Tamarugal,14,Tarapacá,1,Tarapacá,1,2
Huara,1404,Tamarugal,14,Tarapacá,1,Tarapacá,1,2
Pica,1405,Tamarugal,14,Tarapacá,1,Tarapacá,1,2
Antofagasta,2101,Antofagasta,21,Antofagasta,2,Antofagasta,2,4
Mejillones,2102,Antofagasta,21,Antofagasta,2,Antofagasta,2,4
Sierra Gorda,2103,Antofagasta,21,Antofagasta,2,Antofagasta,2,4
Taltal,2104,Antofagasta,21,Antofagasta,2,Antofagasta,2,4
Calama,2201,El Loa,22,Antofagasta,2,Antofagasta,2,3
Ollagüe,2202,El Loa,22,Antofagasta,2,Antofagasta,2,3
San Pedro de Atacama,2203,El Loa,22,Antofagasta,2,Antofagasta,2,3
Tocopilla,2301,Tocopilla,23,Antofagasta,2,Antofagasta,2,3
María Elena,2302,Tocopilla,23,Antofagasta,2,Antofagasta,2,3
Copiapó,3101,Copiapó,31,Atacama,3,Atacama,3,5
Caldera,3102,Copiapó,31,Atacama,3,Atacama,3,6
Tierra Amarilla,3103,Copiapó,31,Atacama,3,Atacama,3,6
Chañaral,3201,Chañaral,32,Atacama,3,Atacama,3,5
Diego de Almagro,3202,Chañaral,32,Atacama,3,Atacama,3,5
Vallenar,3301,Huasco,33,Atacama,3,Atacama,3,6
Alto del Carmen,3302,Huasco,33,Atacama,3,Atacama,3,6
Freirina,3303,Huasco,33,Atacama,3,Atacama,3,6
Huasco,3304,Huasco,33,Atacama,3,Atacama,3,6
La Serena,4101,Elqui,41,Coquimbo,4,Coquimbo,4,7
Coquimbo,4102,Elqui,41,Coquimbo,4,Coquimbo,4,8
Andacollo,4103,Elqui,41,Coquimbo,4,Coquimbo,4,7
La Higuera,4104,Elqui,41,Coquimbo,4,Coquimbo,4,7
Paihuano,4105,Elqui,41,Coquimbo,4,Coquimbo,4,7
Vicuña,4106,Elqui,41,Coquimbo,4,Coquimbo,4,7
Illapel,4201,Choapa,42,Coquimbo,4,Coquimbo,4,9
Canela,4202,Choapa,42,Coquimbo,4,Coquimbo,4,9
Los Vilos,4203,Choapa,42,Coquimbo,4,Coquimbo,4,9
Salamanca,4204,Choapa,42,Coquimbo,4,Coquimbo,4,9
Ovalle,4301,Limarí,43,Coquimbo,4,Coquimbo,4,8
Combarbalá,4302,Limarí,43,Coquimbo,4,Coquimbo,4,9
Monte Patria,4303,Limarí,43,Coquimbo,4,Coquimbo,4,9
Punitaqui,4304,Limarí,43,Coquimbo,4,Coquimbo,4,9
Río Hurtado,4305,Limarí,43,Coquimbo,4,Coquimbo,4,8
Valparaíso,5101,Valparaíso,51,Valparaíso,5,Valparaíso Costa,6,13
Casablanca,5102,Valparaíso,51,Valparaíso,5,Valparaíso Costa,6,15
Concón,5103,Valparaíso,51,Valparaíso,5,Valparaíso Costa,6,14
Juan Fernández,5104,Valparaíso,51,Valparaíso,5,Valparaíso Costa,6,13
Puchuncaví,5105,Valparaíso,51,Valparaíso,5,Valparaíso Cordillera,5,10
Quintero,5107,Valparaíso,51,Valparaíso,5,Valparaíso Cordillera,5,10
Viña del Mar,5109,Valparaíso,51,Valparaíso,5,Valparaíso Costa,6,14
Isla de Pascua,5201,Isla de Pascua,52,Valparaíso,5,Valparaíso Costa,6,13
Los Andes,5301,Los Andes,53,Valparaíso,5,Valparaíso Cordillera,5,11
Calle Larga,5302,Los Andes,53,Valparaíso,5,Valparaíso Cordillera,5,11
Rinconada,5303,Los Andes,53,Valparaíso,5,Valparaíso Cordillera,5,11
San Esteban,5304,Los Andes,53,Valparaíso,5,Valparaíso Cordillera,5,11
La Ligua,5401,Petorca,54,Valparaíso,5,Valparaíso Cordillera,5,10
Cabildo,5402,Petorca,54,Valparaíso,5,Valparaíso Cordillera,5,10
Papudo,5403,Petorca,54,Valparaíso,5,Valparaíso Cordillera,5,10
Petorca,5404,Petorca,54,Valparaíso,5,Valparaíso Cordillera,5,10
Zapallar,5405,Petorca,54,Valparaíso,5,Valparaíso Cordillera,5,10
Quillota,5501,Quillota,55,Valparaíso,5,Valparaíso Cordillera,5,10
La Calera,5502,Quillota,55,Valparaíso,5,Valparaíso Cordillera,5,10
Hijuelas,5503,Quillota,55,Valparaíso,5,Valparaíso Cordillera,5,10
La Cruz,5504,Quillota,55,Valparaíso,5,Valparaíso Cordillera,5,10
Nogales,5506,Quillota,55,Valparaíso,5,Valparaíso Cordillera,5,10
San Antonio,5601,San Antonio,56,Valparaíso,5,Valparaíso Costa,6,15
Algarrobo,5602,San Antonio,56,Valparaíso,5,Valparaíso Costa,6,15
Cartagena,5603,San Antonio,56,Valparaíso,5,Valparaíso Costa,6,15
El Quisco,5604,San Antonio,56,Valparaíso,5,Valparaíso Costa,6,15
El Tabo,5605,San Antonio,56,Valparaíso,5,Valparaíso Costa,6,15
Santo Domingo,5606,San Antonio,56,Valparaíso,5,Valparaíso Costa,6,15
San Felipe,5701,San Felipe de Aconcagua,57,Valparaíso,5,Valparaíso Cordillera,5,11
Catemu,5702,San Felipe de Aconcagua,57,Valparaíso,5,Valparaíso Cordillera,5,11
Llay Llay,5703,San Felipe de Aconcagua,57,Valparaíso,5,Valparaíso Cordillera,5,11
Panquehue,5704,San Felipe de Aconcagua,57,Valparaíso,5,Valparaíso Cordillera,5,11
Putaendo,5705,San Felipe de Aconcagua,57,Valparaíso,5,Valparaíso Cordillera,5,11
Santa María,5706,San Felipe de Aconcagua,57,Valparaíso,5,Valparaíso Cordillera,5,11
Quilpué,5801,Marga Marga,58,Valparaíso,5,Valparaíso Cordillera,5,12
Limache,5802,Marga Marga,58,Valparaíso,5,Valparaíso Cordillera,5,12
Olmué,5803,Marga Marga,58,Valparaíso,5,Valparaíso Cordillera,5,12
Villa Alemana,5804,Marga Marga,58,Valparaíso,5,Valparaíso Cordillera,5,12
Rancagua,6101,Cachapoal,61,Región del Libertador Gral. Bernardo O'Higgins,6,O'Higgins,9,32
Codegua,6102,Cachapoal,61,Región del Libertador Gral. Bernardo O'Higgins,6,O'Higgins,9,33
Coinco,6103,Cachapoal,61,Región del Libertador Gral. Bernardo O'Higgins,6,O'Higgins,9,33
Coltauco,6104,Cachapoal,61,Región del Libertador Gral. Bernardo O'Higgins,6,O'Higgins,9,33
Doñihue,6105,Cachapoal,61,Región del Libertador Gral. Bernardo O'Higgins,6,O'Higgins,9,33
Graneros,6106,Cachapoal,61,Región del Libertador Gral. Bernardo O'Higgins,6,O'Higgins,9,33
Las Cabras,6107,Cachapoal,61,Región del Libertador Gral. Bernardo O'Higgins,6,O'Higgins,9,34
Machalí,6108,Cachapoal,61,Región del Libertador Gral. Bernardo O'Higgins,6,O'Higgins,9,33
Malloa,6109,Cachapoal,61,Región del Libertador Gral. Bernardo O'Higgins,6,O'Higgins,9,33
Mostazal,6110,Cachapoal,61,Región del Libertador Gral. Bernardo O'Higgins,6,O'Higgins,9,33
Olivar,6111,Cachapoal,61,Región del Libertador Gral. Bernardo O'Higgins,6,O'Higgins,9,33
Peumo,6112,Cachapoal,61,Región del Libertador Gral. Bernardo O'Higgins,6,O'Higgins,9,34
Pichidegua,6113,Cachapoal,61,Región del Libertador Gral. Bernardo O'Higgins,6,O'Higgins,9,34
Quinta de Tilcoco,6114,Cachapoal,61,Región del Libertador Gral. Bernardo O'Higgins,6,O'Higgins,9,33
Rengo,6115,Cachapoal,61,Región del Libertador Gral. Bernardo O'Higgins,6,O'Higgins,9,33
Requínoa,6116,Cachapoal,61,Región del Libertador Gral. Bernardo O'Higgins,6,O'Higgins,9,33
San Vicente,6117,Cachapoal,61,Región del Libertador Gral. Bernardo O'Higgins,6,O'Higgins,9,34
Pichilemu,6201,Cardenal Caro,62,Región del Libertador Gral. Bernardo O'Higgins,6,O'Higgins,9,35
La Estrella,6202,Cardenal Caro,62,Región del Libertador Gral. Bernardo O'Higgins,6,O'Higgins,9,35
Litueche,6203,Cardenal Caro,62,Región del Libertador Gral. Bernardo O'Higgins,6,O'Higgins,9,35
Marchihue,6204,Cardenal Caro,62,Región del Libertador Gral. Bernardo O'Higgins,6,O'Higgins,9,35
Navidad,6205,Cardenal Caro,62,Región del Libertador Gral. Bernardo O'Higgins,6,O'Higgins,9,35
Paredones,6206,Cardenal Caro,62,Región del Libertador Gral. Bernardo O'Higgins,6,O'Higgins,9,35
San Fernando,6301,Colchagua,63,Región del Libertador Gral. Bernardo O'Higgins,6,O'Higgins,9,34
Chépica,6302,Colchagua,63,Región del Libertador Gral. Bernardo O'Higgins,6,O'Higgins,9,35
Chimbarongo,6303,Colchagua,63,Región del Libertador Gral. Bernardo O'Higgins,6,O'Higgins,9,34
Lolol,6304,Colchagua,63,Región del Libertador Gral. Bernardo O'Higgins,6,O'Higgins,9,35
Nancagua,6305,Colchagua,63,Región del Libertador Gral. Bernardo O'Higgins,6,O'Higgins,9,35
Palmilla,6306,Colchagua,63,Región del Libertador Gral. Bernardo O'Higgins,6,O'Higgins,9,35
Peralillo,6307,Colchagua,63,Región del Libertador Gral. Bernardo O'Higgins,6,O'Higgins,9,35
Placilla,6308,Colchagua,63,Región del Libertador Gral. Bernardo O'Higgins,6,O'Higgins,9,35
Pumanque,6309,Colchagua,63,Región del Libertador Gral. Bernardo O'Higgins,6,O'Higgins,9,35
Santa Cruz,6310,Colchagua,63,Región del Libertador Gral. Bernardo O'Higgins,6,O'Higgins,9,35
Talca,7101,Talca,71,Región del Maule,7,Maule Norte,10,37
Constitución,7102,Talca,71,Región del Maule,7,Maule Norte,10,38
Curepto,7103,Talca,71,Región del Maule,7,Maule Norte,10,38
Empedrado,7104,Talca,71,Región del Maule,7,Maule Norte,10,38
Maule,7105,Talca,71,Región del Maule,7,Maule Norte,10,38
Pelarco,7106,Talca,71,Región del Maule,7,Maule Norte,10,38
Pencahue,7107,Talca,71,Región del Maule,7,Maule Norte,10,38
Río Claro,7108,Talca,71,Región del Maule,7,Maule Norte,10,38
San Clemente,7109,Talca,71,Región del Maule,7,Maule Norte,10,38
San Rafael,7110,Talca,71,Región del Maule,7,Maule Norte,10,38
Cauquenes,7201,Cauquenes,72,Región del Maule,7,Maule Sur,11,40
Chanco,7202,Cauquenes,72,Región del Maule,7,Maule Sur,11,40
Pelluhue,7203,Cauquenes,72,Región del Maule,7,Maule Sur,11,40
Curicó,7301,Curicó,73,Región del Maule,7,Maule Norte,10,36
Hualañé,7302,Curicó,73,Región del Maule,7,Maule Norte,10,36
Licantén,7303,Curicó,73,Región del Maule,7,Maule Norte,10,36
Molina,7304,Curicó,73,Región del Maule,7,Maule Norte,10,36
Rauco,7305,Curicó,73,Región del Maule,7,Maule Norte,10,36
Romeral,7306,Curicó,73,Región del Maule,7,Maule Norte,10,36
Sagrada Familia,7307,Curicó,73,Región del Maule,7,Maule Norte,10,36
Teno,7308,Curicó,73,Región del Maule,7,Maule Norte,10,36
Vichuquén,7309,Curicó,73,Región del Maule,7,Maule Norte,10,36
Linares,7401,Linares,74,Región del Maule,7,Maule Sur,11,39
Colbún,7402,Linares,74,Región del Maule,7,Maule Sur,11,39
Longaví,7403,Linares,74,Región del Maule,7,Maule Sur,11,40
Parral,7404,Linares,74,Región del Maule,7,Maule Sur,11,40
Retiro,7405,Linares,74,Región del Maule,7,Maule Sur,11,40
San Javier,7406,Linares,74,Región del Maule,7,Maule Sur,11,39
Villa Alegre,7407,Linares,74,Región del Maule,7,Maule Sur,11,39
Yerbas Buenas,7408,Linares,74,Región del Maule,7,Maule Sur,11,39
Concepción,8101,Concepción,81,Región del Biobío,8,Biobío Costa,12,44
Coronel,8102,Concepción,81,Región del Biobío,8,Biobío Costa,12,45
Chiguayante,8103,Concepción,81,Región del Biobío,8,Biobío Costa,12,44
Florida,8104,Concepción,81,Región del Biobío,8,Biobío Costa,12,45
Hualqui,8105,Concepción,81,Región del Biobío,8,Biobío Costa,12,45
Lota,8106,Concepción,81,Región del Biobío,8,Biobío Cordillera,13,46
Penco,8107,Concepción,81,Región del Biobío,8,Biobío Costa,12,45
San Pedro de la Paz,8108,Concepción,81,Región del Biobío,8,Biobío Costa,12,44
Santa Juana,8109,Concepción,81,Región del Biobío,8,Biobío Costa,12,45
Talcahuano,8110,Concepción,81,Región del Biobío,8,Biobío Costa,12,43
Tomé,8111,Concepción,81,Región del Biobío,8,Biobío Costa,12,45
Hualpén,8112,Concepción,81,Región del Biobío,8,Biobío Costa,12,43
Lebu,8201,Arauco,82,Región del Biobío,8,Biobío Cordillera,13,46
Arauco,8202,Arauco,82,Región del Biobío,8,Biobío Cordillera,13,46
Cañete,8203,Arauco,82,Región del Biobío,8,Biobío Cordillera,13,46
Contulmo,8204,Arauco,82,Región del Biobío,8,Biobío Cordillera,13,46
Curanilahue,8205,Arauco,82,Región del Biobío,8,Biobío Cordillera,13,46
Los Álamos,8206,Arauco,82,Región del Biobío,8,Biobío Cordillera,13,46
Tirúa,8207,Arauco,82,Región del Biobío,8,Biobío Cordillera,13,46
Los Ángeles,8301,Biobío,83,Región del Biobío,8,Biobío Cordillera,13,47
Antuco,8302,Biobío,83,Región del Biobío,8,Biobío Cordillera,13,47
Cabrero,8303,Biobío,83,Región del Biobío,8,Biobío Costa,12,42
Laja,8304,Biobío,83,Región del Biobío,8,Biobío Cordillera,13,47
Mulchén,8305,Biobío,83,Región del Biobío,8,Biobío Cordillera,13,47
Nacimiento,8306,Biobío,83,Región del Biobío,8,Biobío Cordillera,13,47
Negrete,8307,Biobío,83,Región del Biobío,8,Biobío Cordillera,13,47
Quilaco,8308,Biobío,83,Región del Biobío,8,Biobío Cordillera,13,47
Quilleco,8309,Biobío,83,Región del Biobío,8,Biobío Cordillera,13,47
San Rosendo,8310,Biobío,83,Región del Biobío,8,Biobío Cordillera,13,47
Santa Bárbara,8311,Biobío,83,Región del Biobío,8,Biobío Cordillera,13,47
Tucapel,8312,Biobío,83,Región del Biobío,8,Biobío Cordillera,13,47
Yumbel,8313,Biobío,83,Región del Biobío,8,Biobío Costa,12,42
Alto Biobío,8314,Biobío,83,Región del Biobío,8,Biobío Cordillera,13,47
Chillán,8401,Ñuble,84,Región del Biobío,8,Biobío Cordillera,13,41
Bulnes,8402,Ñuble,84,Región del Biobío,8,Biobío Costa,12,42
Cobquecura,8403,Ñuble,84,Región del Biobío,8,Biobío Costa,12,42
Coelemu,8404,Ñuble,84,Región del Biobío,8,Biobío Costa,12,42
Coihueco,8405,Ñuble,84,Región del Biobío,8,Biobío Cordillera,13,41
Chillán Viejo,8406,Ñuble,84,Región del Biobío,8,Biobío Cordillera,13,41
El Carmen,8407,Ñuble,84,Región del Biobío,8,Biobío Cordillera,13,41
Ninhue,8408,Ñuble,84,Región del Biobío,8,Biobío Costa,12,42
Ñiquén,8409,Ñuble,84,Región del Biobío,8,Biobío Costa,12,42
Pemuco,8410,Ñuble,84,Región del Biobío,8,Biobío Cordillera,13,41
Pinto,8411,Ñuble,84,Región del Biobío,8,Biobío Cordillera,13,41
Portezuelo,8412,Ñuble,84,Región del Biobío,8,Biobío Costa,12,42
Quillón,8413,Ñuble,84,Región del Biobío,8,Biobío Costa,12,42
Quirihue,8414,Ñuble,84,Región del Biobío,8,Biobío Costa,12,42
Ránquil,8415,Ñuble,84,Región del Biobío,8,Biobío Costa,12,42
San Carlos,8416,Ñuble,84,Región del Biobío,8,Biobío Costa,12,42
San Fabián,8417,Ñuble,84,Región del Biobío,8,Biobío Costa,12,42
San Ignacio,8418,Ñuble,84,Región del Biobío,8,Biobío Cordillera,13,41
San Nicolás,8419,Ñuble,84,Región del Biobío,8,Biobío Costa,12,42
Treguaco,8420,Ñuble,84,Región del Biobío,8,Biobío Costa,12,42
Yungay,8421,Ñuble,84,Región del Biobío,8,Biobío Cordillera,13,41
Temuco,9101,Cautín,91,Región de la Araucanía,9,Araucanía Sur,15,50
Carahue,9102,Cautín,91,Región de la Araucanía,9,Araucanía Sur,15,51
Cunco,9103,Cautín,91,Región de la Araucanía,9,Araucanía Sur,15,52
Curarrehue,9104,Cautín,91,Región de la Araucanía,9,Araucanía Sur,15,52
Freire,9105,Cautín,91,Región de la Araucanía,9,Araucanía Sur,15,51
Galvarino,9106,Cautín,91,Región de la Araucanía,9,Araucanía Norte,14,49
Gorbea,9107,Cautín,91,Región de la Araucanía,9,Araucanía Sur,15,52
Lautaro,9108,Cautín,91,Región de la Araucanía,9,Araucanía Norte,14,49
Loncoche,9109,Cautín,91,Región de la Araucanía,9,Araucanía Sur,15,52
Melipeuco,9110,Cautín,91,Región de la Araucanía,9,Araucanía Norte,14,49
Nueva Imperial,9111,Cautín,91,Región de la Araucanía,9,Araucanía Sur,15,51
Padre las Casas,9112,Cautín,91,Región de la Araucanía,9,Araucanía Sur,15,50
Perquenco,9113,Cautín,91,Región de la Araucanía,9,Araucanía Norte,14,49
Pitrufquén,9114,Cautín,91,Región de la Araucanía,9,Araucanía Sur,15,51
Pucón,9115,Cautín,91,Región de la Araucanía,9,Araucanía Sur,15,52
Saavedra,9116,Cautín,91,Región de la Araucanía,9,Araucanía Sur,15,51
Teodoro Schmidt,9117,Cautín,91,Región de la Araucanía,9,Araucanía Sur,15,51
Toltén,9118,Cautín,91,Región de la Araucanía,9,Araucanía Sur,15,52
Vilcún,9119,Cautín,91,Región de la Araucanía,9,Araucanía Norte,14,49
Villarrica,9120,Cautín,91,Región de la Araucanía,9,Araucanía Sur,15,52
Cholchol,9121,Cautín,91,Región de la Araucanía,9,Araucanía Sur,15,51
Angol,9201,Malleco,92,Región de la Araucanía,9,Araucanía Norte,14,48
Collipulli,9202,Malleco,92,Región de la Araucanía,9,Araucanía Norte,14,48
Curacautín,9203,Malleco,92,Región de la Araucanía,9,Araucanía Norte,14,49
Ercilla,9204,Malleco,92,Región de la Araucanía,9,Araucanía Norte,14,48
Lonquimay,9205,Malleco,92,Región de la Araucanía,9,Araucanía Norte,14,49
Los Sauces,9206,Malleco,92,Región de la Araucanía,9,Araucanía Norte,14,48
Lumaco,9207,Malleco,92,Región de la Araucanía,9,Araucanía Norte,14,48
Purén,9208,Malleco,92,Región de la Araucanía,9,Araucanía Norte,14,48
Renaico,9209,Malleco,92,Región de la Araucanía,9,Araucanía Norte,14,48
Traiguén,9210,Malleco,92,Región de la Araucanía,9,Araucanía Norte,14,48
Victoria,9211,Malleco,92,Región de la Araucanía,9,Araucanía Norte,14,49
Puerto Montt,10101,Llanquihue,101,Región de Los Lagos,10,Los Lagos,17,57
Calbuco,10102,Llanquihue,101,Región de Los Lagos,10,Los Lagos,17,57
Cochamó,10103,Llanquihue,101,Región de Los Lagos,10,Los Lagos,17,57
Fresia,10104,Llanquihue,101,Región de Los Lagos,10,Los Lagos,17,56
Frutillar,10105,Llanquihue,101,Región de Los Lagos,10,Los Lagos,17,56
Los Muermos,10106,Llanquihue,101,Región de Los Lagos,10,Los Lagos,17,56
Llanquihue,10107,Llanquihue,101,Región de Los Lagos,10,Los Lagos,17,56
Maullín,10108,Llanquihue,101,Región de Los Lagos,10,Los Lagos,17,57
Puerto Varas,10109,Llanquihue,101,Región de Los Lagos,10,Los Lagos,17,56
Castro,10201,Chiloé,102,Región de Los Lagos,10,Los Lagos,17,58
Ancud,10202,Chiloé,102,Región de Los Lagos,10,Los Lagos,17,58
Chonchi,10203,Chiloé,102,Región de Los Lagos,10,Los Lagos,17,58
Curaco de Vélez,10204,Chiloé,102,Región de Los Lagos,10,Los Lagos,17,58
Dalcahue,10205,Chiloé,102,Región de Los Lagos,10,Los Lagos,17,58
Puqueldón,10206,Chiloé,102,Región de Los Lagos,10,Los Lagos,17,58
Queilén,10207,Chiloé,102,Región de Los Lagos,10,Los Lagos,17,58
Quellón,10208,Chiloé,102,Región de Los Lagos,10,Los Lagos,17,58
Quemchi,10209,Chiloé,102,Región de Los Lagos,10,Los Lagos,17,58
Quinchao,10210,Chiloé,102,Región de Los Lagos,10,Los Lagos,17,58
Osorno,10301,Osorno,103,Región de Los Lagos,10,Los Lagos,17,55
Puerto Octay,10302,Osorno,103,Región de Los Lagos,10,Los Lagos,17,56
Purranque,10303,Osorno,103,Región de Los Lagos,10,Los Lagos,17,56
Puyehue,10304,Osorno,103,Región de Los Lagos,10,Los Lagos,17,56
Río Negro,10305,Osorno,103,Región de Los Lagos,10,Los Lagos,17,56
San Juan de la Costa,10306,Osorno,103,Región de Los Lagos,10,Los Lagos,17,55
San Pablo,10307,Osorno,103,Región de Los Lagos,10,Los Lagos,17,55
Chaitén,10401,Palena,104,Región de Los Lagos,10,Los Lagos,17,58
Futaleufú,10402,Palena,104,Región de Los Lagos,10,Los Lagos,17,58
Hualaihué,10403,Palena,104,Región de Los Lagos,10,Los Lagos,17,58
Palena,10404,Palena,104,Región de Los Lagos,10,Los Lagos,17,58
Coyhaique,11101,Coihaique,111,Región Aisén del Gral. Carlos Ibáñez del Campo,11,Aysén,18,59
Lago Verde,11102,Coihaique,111,Región Aisén del Gral. Carlos Ibáñez del Campo,11,Aysén,18,59
Aysén,11201,Aisén,112,Región Aisén del Gral. Carlos Ibáñez del Campo,11,Aysén,18,59
Cisnes,11202,Aisén,112,Región Aisén del Gral. Carlos Ibáñez del Campo,11,Aysén,18,59
Guaitecas,11203,Aisén,112,Región Aisén del Gral. Carlos Ibáñez del Campo,11,Aysén,18,59
Cochrane,11301,Capitán Prat,113,Región Aisén del Gral. Carlos Ibáñez del Campo,11,Aysén,18,59
O'Higgins,11302,Capitán Prat,113,Región Aisén del Gral. Carlos Ibáñez del Campo,11,Aysén,18,59
Tortel,11303,Capitán Prat,113,Región Aisén del Gral. Carlos Ibáñez del Campo,11,Aysén,18,59
Chile Chico,11401,General Carrera,114,Región Aisén del Gral. Carlos Ibáñez del Campo,11,Aysén,18,59
Río Ibáñez,11402,General Carrera,114,Región Aisén del Gral. Carlos Ibáñez del Campo,11,Aysén,18,59
Punta Arenas,12101,Magallanes,121,Región de Magallanes y de la Antártica Chilena,12,Magallanes,19,60
Laguna Blanca,12102,Magallanes,121,Región de Magallanes y de la Antártica Chilena,12,Magallanes,19,60
Río Verde,12103,Magallanes,121,Región de Magallanes y de la Antártica Chilena,12,Magallanes,19,60
San Gregorio,12104,Magallanes,121,Región de Magallanes y de la Antártica Chilena,12,Magallanes,19,60
Cabo de Hornos,12201,Antártica Chilena,122,Región de Magallanes y de la Antártica Chilena,12,Magallanes,19,60
Antártica,12202,Antártica Chilena,122,Región de Magallanes y de la Antártica Chilena,12,Magallanes,19,60
Porvenir,12301,Tierra del Fuego,123,Región de Magallanes y de la Antártica Chilena,12,Magallanes,19,60
Primavera,12302,Tierra del Fuego,123,Región de Magallanes y de la Antártica Chilena,12,Magallanes,19,60
Timaukel,12303,Tierra del Fuego,123,Región de Magallanes y de la Antártica Chilena,12,Magallanes,19,60
Natales,12401,Última Esperanza,124,Región de Magallanes y de la Antártica Chilena,12,Magallanes,19,60
Torres del Paine,12402,Última Esperanza,124,Región de Magallanes y de la Antártica Chilena,12,Magallanes,19,60
Santiago,13101,Santiago,131,Región Metropolitana de Santiago,13,Santiago Poniente,7,22
Cerrillos,13102,Santiago,131,Región Metropolitana de Santiago,13,Santiago Poniente,7,20
Cerro Navia,13103,Santiago,131,Región Metropolitana de Santiago,13,Santiago Poniente,7,18
Conchalí,13104,Santiago,131,Región Metropolitana de Santiago,13,Santiago Poniente,7,17
El Bosque,13105,Santiago,131,Región Metropolitana de Santiago,13,Santiago Oriente,8,27
Estación Central,13106,Santiago,131,Región Metropolitana de Santiago,13,Santiago Poniente,7,20
Huechuraba,13107,Santiago,131,Región Metropolitana de Santiago,13,Santiago Poniente,7,17
Independencia,13108,Santiago,131,Región Metropolitana de Santiago,13,Santiago Poniente,7,19
La Cisterna,13109,Santiago,131,Región Metropolitana de Santiago,13,Santiago Oriente,8,27
La Florida,13110,Santiago,131,Región Metropolitana de Santiago,13,Santiago Oriente,8,26
La Granja,13111,Santiago,131,Región Metropolitana de Santiago,13,Santiago Oriente,8,25
La Pintana,13112,Santiago,131,Región Metropolitana de Santiago,13,Santiago Oriente,8,29
La Reina,13113,Santiago,131,Región Metropolitana de Santiago,13,Santiago Oriente,8,24
Las Condes,13114,Santiago,131,Región Metropolitana de Santiago,13,Santiago Oriente,8,23
Lo Barnechea,13115,Santiago,131,Región Metropolitana de Santiago,13,Santiago Oriente,8,23
Lo Espejo,13116,Santiago,131,Región Metropolitana de Santiago,13,Santiago Oriente,8,28
Lo Prado,13117,Santiago,131,Región Metropolitana de Santiago,13,Santiago Poniente,7,18
Macul,13118,Santiago,131,Región Metropolitana de Santiago,13,Santiago Oriente,8,25
Maipú,13119,Santiago,131,Región Metropolitana de Santiago,13,Santiago Poniente,7,20
Ñuñoa,13120,Santiago,131,Región Metropolitana de Santiago,13,Santiago Oriente,8,21
Pedro Aguirre Cerda,13121,Santiago,131,Región Metropolitana de Santiago,13,Santiago Oriente,8,28
Peñalolén,13122,Santiago,131,Región Metropolitana de Santiago,13,Santiago Oriente,8,24
Providencia,13123,Santiago,131,Región Metropolitana de Santiago,13,Santiago Oriente,8,21
Pudahuel,13124,Santiago,131,Región Metropolitana de Santiago,13,Santiago Poniente,7,16
Quilicura,13125,Santiago,131,Región Metropolitana de Santiago,13,Santiago Poniente,7,16
Quinta Normal,13126,Santiago,131,Región Metropolitana de Santiago,13,Santiago Poniente,7,18
Recoleta,13127,Santiago,131,Región Metropolitana de Santiago,13,Santiago Poniente,7,19
Renca,13128,Santiago,131,Región Metropolitana de Santiago,13,Santiago Poniente,7,17
San Joaquín,13129,Santiago,131,Región Metropolitana de Santiago,13,Santiago Oriente,8,25
San Miguel,13130,Santiago,131,Región Metropolitana de Santiago,13,Santiago Oriente,8,28
San Ramón,13131,Santiago,131,Región Metropolitana de Santiago,13,Santiago Oriente,8,27
Vitacura,13132,Santiago,131,Región Metropolitana de Santiago,13,Santiago Oriente,8,23
Puente Alto,13201,Cordillera,132,Región Metropolitana de Santiago,13,Santiago Oriente,8,29
Pirque,13202,Cordillera,132,Región Metropolitana de Santiago,13,Santiago Oriente,8,29
San José de Maipo,13203,Cordillera,132,Región Metropolitana de Santiago,13,Santiago Oriente,8,29
Colina,13301,Chacabuco,133,Región Metropolitana de Santiago,13,Santiago Poniente,7,16
Lampa,13302,Chacabuco,133,Región Metropolitana de Santiago,13,Santiago Poniente,7,16
Tiltil,13303,Chacabuco,133,Región Metropolitana de Santiago,13,Santiago Poniente,7,16
San Bernardo,13401,Maipo,134,Región Metropolitana de Santiago,13,Santiago Poniente,7,30
Buin,13402,Maipo,134,Región Metropolitana de Santiago,13,Santiago Poniente,7,30
Calera de Tango,13403,Maipo,134,Región Metropolitana de Santiago,13,Santiago Poniente,7,30
Paine,13404,Maipo,134,Región Metropolitana de Santiago,13,Santiago Poniente,7,30
Melipilla,13501,Melipilla,135,Región Metropolitana de Santiago,13,Santiago Poniente,7,31
Alhué,13502,Melipilla,135,Región Metropolitana de Santiago,13,Santiago Poniente,7,31
Curacaví,13503,Melipilla,135,Región Metropolitana de Santiago,13,Santiago Poniente,7,31
María Pinto,13504,Melipilla,135,Región Metropolitana de Santiago,13,Santiago Poniente,7,31
San Pedro,13505,Melipilla,135,Región Metropolitana de Santiago,13,Santiago Poniente,7,31
Talagante,13601,Talagante,136,Región Metropolitana de Santiago,13,Santiago Poniente,7,31
El Monte,13602,Talagante,136,Región Metropolitana de Santiago,13,Santiago Poniente,7,31
Isla de Maipo,13603,Talagante,136,Región Metropolitana de Santiago,13,Santiago Poniente,7,31
Padre Hurtado,13604,Talagante,136,Región Metropolitana de Santiago,13,Santiago Poniente,7,31
Peñaflor,13605,Talagante,136,Región Metropolitana de Santiago,13,Santiago Poniente,7,31
Valdivia,14101,Valdivia,141,Región de Los Ríos,14,Los Ríos,16,53
Corral,14102,Valdivia,141,Región de Los Ríos,14,Los Ríos,16,53
Lanco,14103,Valdivia,141,Región de Los Ríos,14,Los Ríos,16,53
Los Lagos,14104,Valdivia,141,Región de Los Ríos,14,Los Ríos,16,54
Máfil,14105,Valdivia,141,Región de Los Ríos,14,Los Ríos,16,53
Mariquina,14106,Valdivia,141,Región de Los Ríos,14,Los Ríos,16,53
Paillaco,14107,Valdivia,141,Región de Los Ríos,14,Los Ríos,16,54
Panguipulli,14108,Valdivia,141,Región de Los Ríos,14,Los Ríos,16,54
La Unión,14201,Ranco,142,Región de Los Ríos,14,Los Ríos,16,54
Futrono,14202,Ranco,142,Región de Los Ríos,14,Los Ríos,16,54
Lago Ranco,14203,Ranco,142,Región de Los Ríos,14,Los Ríos,16,54
Río Bueno,14204,Ranco,142,Región de Los Ríos,14,Los Ríos,16,54
Arica,15101,Arica,151,Arica y Parinacota,15,Tarapacá,1,1
Camarones,15102,Arica,151,Arica y Parinacota,15,Tarapacá,1,1
Putre,15201,Parinacota,152,Arica y Parinacota,15,Tarapacá,1,1
General Lagos,15202,Parinacota,152,Arica y Parinacota,15,Tarapacá,1,1